id,date,product_id,store_id,quantity,price
1,2025-07-09,P0599,S066,4,13039
2,2025-07-16,P0983,S056,40,3352
3,2025-07-15,P0599,S025,17,17793
4,2025-07-13,P0259,S090,4,6660
5,2025-07-28,P0496,S023,27,8779
6,2025-07-22,P0335,S013,16,10393
7,2025-07-27,P0492,S083,49,11124
8,2025-07-19,P0522,S084,43,17679
9,2025-07-22,P0952,S002,33,7952
10,2025-07-13,P0064,S038,4,10138
11,2025-07-23,P0358,S013,6,8669
12,2025-07-01,P0992,S014,19,19027
13,2025-07-09,P0865,S063,21,7852
14,2025-07-22,P0328,S060,29,6467
15,2025-07-05,P0383,S066,18,6801
16,2025-07-02,P0060,S084,1,8126
17,2025-07-28,P0350,S098,43,3289
18,2025-07-30,P0321,S086,28,10962
19,2025-07-02,P0178,S035,27,19399
20,2025-07-11,P0048,S036,28,8762
21,2025-07-30,P0134,S032,9,19738
22,2025-07-05,P0920,S010,17,3066
23,2025-07-08,P0132,S057,43,10011
24,2025-07-28,P0845,S032,22,12583
25,2025-07-06,P0801,S015,45,18120
26,2025-07-17,P0301,S083,5,18461
27,2025-07-21,P0431,S040,42,12429
28,2025-07-02,P0075,S033,25,2352
29,2025-07-17,P0471,S039,1,9897
30,2025-07-14,P0767,S099,29,5801
31,2025-07-12,P0005,S071,38,9568
32,2025-07-23,P0120,S098,28,15777
33,2025-07-07,P0919,S041,19,4043
34,2025-07-29,P0941,S071,33,10317
35,2025-07-03,P0739,S063,18,7810
36,2025-07-07,P0389,S007,20,17033
37,2025-07-15,P0105,S072,47,11075
38,2025-07-24,P0345,S004,13,6316
39,2025-07-21,P0958,S024,48,5957
40,2025-07-08,P0178,S082,42,3740
41,2025-07-27,P0326,S037,29,18628
42,2025-07-24,P0799,S080,44,15354
43,2025-07-20,P0212,S092,13,16679
44,2025-07-27,P0120,S031,46,11664
45,2025-07-18,P0661,S084,14,2418
46,2025-07-07,P0319,S097,28,6839
47,2025-07-23,P0610,S026,37,11375
48,2025-07-23,P0989,S065,2,7777
49,2025-07-16,P0662,S088,48,6919
50,2025-07-28,P0749,S040,17,18795
51,2025-07-13,P0832,S040,36,3774
52,2025-07-16,P0417,S042,32,11794
53,2025-07-12,P0044,S020,21,6725
54,2025-07-19,P0261,S042,50,10266
55,2025-07-03,P0486,S013,41,15498
56,2025-07-21,P0312,S072,21,11637
57,2025-07-02,P0878,S072,1,11837
58,2025-07-28,P0491,S010,17,10604
59,2025-07-04,P0638,S084,39,11108
60,2025-07-07,P0183,S011,24,10464
61,2025-07-22,P0463,S074,28,6873
62,2025-07-14,P0716,S051,45,4169
63,2025-07-23,P0448,S049,22,9341
64,2025-07-07,P0207,S034,10,3674
65,2025-07-07,P0342,S030,6,13788
66,2025-07-30,P0078,S093,32,5416
67,2025-07-16,P0189,S098,43,3022
68,2025-07-30,P0909,S077,36,17731
69,2025-07-14,P0447,S073,1,19718
70,2025-07-03,P0046,S017,18,9779
71,2025-07-22,P0249,S053,29,11409
72,2025-07-17,P0113,S090,10,9998
73,2025-07-03,P0348,S038,1,5366
74,2025-07-03,P0541,S069,34,11571
75,2025-07-29,P0664,S051,36,18144
76,2025-07-06,P0378,S087,34,3178
77,2025-07-27,P0415,S005,24,12497
78,2025-07-29,P0551,S003,18,19907
79,2025-07-02,P0512,S060,20,13389
80,2025-07-26,P0555,S092,40,2961
81,2025-07-16,P0655,S083,25,6166
82,2025-07-11,P0438,S042,19,11486
83,2025-07-09,P0642,S090,30,9406
84,2025-07-11,P0646,S059,4,6224
85,2025-07-30,P0700,S050,41,15153
86,2025-07-01,P0545,S025,27,9924
87,2025-07-12,P0250,S051,28,2663
88,2025-07-24,P0395,S011,5,16539
89,2025-07-14,P0801,S003,17,15064
90,2025-07-07,P0921,S060,43,15407
91,2025-07-06,P0833,S089,30,3808
92,2025-07-05,P0840,S035,16,4734
93,2025-07-19,P0802,S016,16,11041
94,2025-07-05,P0780,S075,19,19476
95,2025-07-13,P0230,S087,29,7703
96,2025-07-26,P0939,S074,27,6969
97,2025-07-23,P0713,S057,15,5760
98,2025-07-12,P0487,S076,42,10333
99,2025-07-05,P0779,S061,5,8565
100,2025-07-23,P0016,S005,42,13665
101,2025-07-18,P0007,S088,10,4978
102,2025-07-29,P0884,S049,19,9334
103,2025-07-10,P0618,S056,20,9197
104,2025-07-23,P0068,S042,28,3260
105,2025-07-11,P0244,S073,24,5776
106,2025-07-28,P0592,S099,19,13544
107,2025-07-16,P0355,S059,11,3388
108,2025-07-13,P0917,S073,32,9039
109,2025-07-13,P0466,S048,16,4218
110,2025-07-11,P0530,S069,29,19134
111,2025-07-26,P0937,S019,6,18909
112,2025-07-24,P0039,S086,33,4732
113,2025-07-11,P0134,S039,44,12001
114,2025-07-09,P0897,S080,24,2586
115,2025-07-15,P0093,S039,28,12747
116,2025-07-04,P0661,S035,26,11572
117,2025-07-10,P0192,S035,28,15227
118,2025-07-12,P0427,S017,31,6474
119,2025-07-09,P0780,S056,31,12451
120,2025-07-29,P0774,S090,28,17016
121,2025-07-16,P0840,S086,14,7166
122,2025-07-04,P0441,S039,36,19514
123,2025-07-08,P0154,S007,43,11365
124,2025-07-29,P0219,S095,20,4958
125,2025-07-06,P0221,S054,44,14980
126,2025-07-25,P0279,S091,46,19243
127,2025-07-26,P0274,S067,49,15925
128,2025-07-06,P0638,S032,22,13996
129,2025-07-23,P0205,S005,24,15297
130,2025-07-12,P0276,S006,11,18050
131,2025-07-21,P0018,S100,41,13621
132,2025-07-28,P0573,S088,41,15364
133,2025-07-09,P0018,S033,30,14634
134,2025-07-07,P0304,S090,11,6415
135,2025-07-18,P0632,S012,37,3362
136,2025-07-09,P0136,S045,34,17493
137,2025-07-20,P0828,S053,3,9928
138,2025-07-15,P0512,S035,6,15229
139,2025-07-28,P0150,S010,49,8528
140,2025-07-17,P0588,S076,50,14952
141,2025-07-13,P0098,S066,29,4497
142,2025-07-09,P0619,S089,35,8287
143,2025-07-30,P0263,S082,13,19435
144,2025-07-19,P0229,S052,42,3476
145,2025-07-05,P0271,S033,39,3537
146,2025-07-04,P0685,S077,22,5680
147,2025-07-27,P0115,S080,31,14192
148,2025-07-22,P0861,S067,8,3024
149,2025-07-16,P0472,S089,13,10053
150,2025-07-04,P0234,S025,28,6535
151,2025-07-30,P0753,S035,9,17174
152,2025-07-25,P0099,S051,49,17075
153,2025-07-15,P0976,S052,47,8397
154,2025-07-01,P0128,S047,44,2339
155,2025-07-10,P0129,S010,44,14969
156,2025-07-14,P0397,S007,48,2855
157,2025-07-25,P0564,S059,1,8260
158,2025-07-12,P0389,S048,38,17483
159,2025-07-04,P0111,S082,9,17399
160,2025-07-02,P0871,S031,18,13127
161,2025-07-06,P0767,S052,35,15106
162,2025-07-21,P0504,S058,30,2737
163,2025-07-07,P0010,S049,19,17971
164,2025-07-03,P0241,S053,45,19504
165,2025-07-19,P0016,S080,7,2987
166,2025-07-09,P0747,S065,38,4688
167,2025-07-09,P0587,S041,9,9599
168,2025-07-07,P0582,S080,22,3173
169,2025-07-06,P0139,S050,19,16628
170,2025-07-26,P0475,S035,29,17952
171,2025-07-14,P0941,S095,16,15780
172,2025-07-20,P0796,S061,40,16673
173,2025-07-07,P0870,S086,32,4373
174,2025-07-07,P0288,S084,28,19583
175,2025-07-18,P0821,S006,19,15548
176,2025-07-26,P0496,S074,5,18468
177,2025-07-28,P0890,S096,11,8403
178,2025-07-17,P0576,S081,3,6320
179,2025-07-23,P0051,S062,26,4429
180,2025-07-23,P0035,S099,2,11712
181,2025-07-16,P0833,S097,35,15556
182,2025-07-17,P0467,S058,17,14658
183,2025-07-02,P0548,S089,8,12792
184,2025-07-27,P0202,S086,8,15607
185,2025-07-08,P0470,S056,11,13832
186,2025-07-20,P0969,S080,16,19579
187,2025-07-19,P0154,S056,42,5660
188,2025-07-13,P0566,S018,43,8373
189,2025-07-23,P0904,S060,50,9403
190,2025-07-06,P0051,S014,45,19063
191,2025-07-18,P0151,S069,28,4980
192,2025-07-16,P0456,S056,4,15288
193,2025-07-05,P0308,S025,18,18774
194,2025-07-29,P0214,S058,22,19902
195,2025-07-27,P0223,S043,11,11938
196,2025-07-28,P0287,S023,7,3953
197,2025-07-27,P0237,S059,49,8239
198,2025-07-23,P0616,S067,14,16460
199,2025-07-01,P0995,S094,12,3638
200,2025-07-24,P0063,S008,1,3878
201,2025-07-10,P0550,S016,4,9185
202,2025-07-29,P0109,S063,50,12413
203,2025-07-23,P0979,S057,21,15001
204,2025-07-28,P0210,S032,49,2381
205,2025-07-10,P0730,S029,18,11881
206,2025-07-17,P0993,S070,37,10609
207,2025-07-04,P0899,S093,11,19996
208,2025-07-24,P0461,S077,24,9430
209,2025-07-14,P0099,S042,10,13274
210,2025-07-18,P0654,S040,44,18392
211,2025-07-30,P0845,S075,29,16734
212,2025-07-13,P0488,S045,25,3950
213,2025-07-03,P0907,S046,43,3646
214,2025-07-23,P0563,S092,28,10469
215,2025-07-15,P0586,S080,36,19431
216,2025-07-20,P0859,S056,35,6191
217,2025-07-20,P0778,S041,12,2710
218,2025-07-23,P0704,S009,6,15307
219,2025-07-24,P0125,S039,36,8958
220,2025-07-05,P0277,S032,23,16019
221,2025-07-02,P0033,S036,43,12004
222,2025-07-25,P0483,S076,46,13670
223,2025-07-10,P0405,S093,19,14356
224,2025-07-22,P0475,S071,48,11738
225,2025-07-03,P0350,S060,3,7145
226,2025-07-14,P0172,S003,24,14553
227,2025-07-05,P0327,S098,2,9739
228,2025-07-18,P0994,S015,43,5588
229,2025-07-28,P0389,S092,27,11551
230,2025-07-04,P0119,S090,46,19579
231,2025-07-02,P0873,S089,2,9705
232,2025-07-25,P0738,S096,46,9248
233,2025-07-04,P0812,S015,42,18018
234,2025-07-22,P0566,S067,44,11966
235,2025-07-15,P0627,S050,11,18480
236,2025-07-30,P0443,S068,9,18896
237,2025-07-04,P0436,S059,16,17050
238,2025-07-30,P0415,S048,37,14808
239,2025-07-03,P0342,S079,16,14291
240,2025-07-07,P0050,S091,33,8838
241,2025-07-20,P0665,S006,43,5148
242,2025-07-06,P0336,S020,39,14422
243,2025-07-03,P0854,S073,41,6926
244,2025-07-14,P0673,S006,48,2865
245,2025-07-25,P0536,S036,31,13365
246,2025-07-03,P0652,S018,13,6167
247,2025-07-03,P0043,S043,11,5645
248,2025-07-17,P0982,S074,5,4350
249,2025-07-09,P0130,S085,46,19347
250,2025-07-18,P0636,S016,44,6290
251,2025-07-06,P0182,S049,8,11086
252,2025-07-11,P0745,S020,50,14480
253,2025-07-19,P0373,S066,28,15999
254,2025-07-19,P0608,S001,1,18545
255,2025-07-14,P0913,S098,4,18120
256,2025-07-20,P0147,S062,10,2612
257,2025-07-08,P0662,S012,25,19406
258,2025-07-03,P0950,S091,6,6521
259,2025-07-04,P0431,S079,19,5974
260,2025-07-07,P0756,S012,8,9829
261,2025-07-01,P0657,S067,23,14550
262,2025-07-27,P0369,S022,37,8657
263,2025-07-29,P0395,S042,19,9232
264,2025-07-19,P0673,S088,48,5135
265,2025-07-22,P0455,S072,28,19109
266,2025-07-08,P0219,S026,7,16364
267,2025-07-08,P0066,S054,2,13196
268,2025-07-28,P0078,S032,49,5449
269,2025-07-23,P0895,S008,20,4333
270,2025-07-19,P0788,S087,36,16877
271,2025-07-26,P0593,S066,46,2180
272,2025-07-09,P0210,S079,8,7641
273,2025-07-02,P0807,S022,7,7628
274,2025-07-21,P0893,S027,16,16732
275,2025-07-11,P0967,S024,33,11583
276,2025-07-19,P0049,S042,29,2536
277,2025-07-27,P0387,S008,27,11518
278,2025-07-29,P0596,S038,29,2549
279,2025-07-03,P0480,S088,31,15312
280,2025-07-13,P0439,S080,45,5932
281,2025-07-21,P0022,S025,8,13245
282,2025-07-25,P0614,S003,16,7464
283,2025-07-26,P0813,S053,45,8762
284,2025-07-25,P0538,S042,37,7697
285,2025-07-20,P0440,S079,44,7829
286,2025-07-30,P0306,S044,28,10943
287,2025-07-20,P0690,S036,19,7218
288,2025-07-09,P0493,S089,29,4370
289,2025-07-05,P0057,S079,20,19569
290,2025-07-07,P0768,S075,42,16387
291,2025-07-10,P0322,S005,6,15435
292,2025-07-22,P0024,S084,27,19842
293,2025-07-26,P0882,S023,38,5438
294,2025-07-27,P0232,S092,2,6673
295,2025-07-14,P0283,S013,45,16538
296,2025-07-11,P0626,S022,41,4836
297,2025-07-05,P0407,S058,2,12022
298,2025-07-02,P0266,S019,39,18393
299,2025-07-28,P0144,S006,16,9655
300,2025-07-12,P0134,S030,32,18090
301,2025-07-30,P0626,S027,32,11529
302,2025-07-07,P0518,S077,3,18726
303,2025-07-17,P0505,S033,46,6331
304,2025-07-29,P0480,S094,37,11630
305,2025-07-20,P0281,S022,8,11138
306,2025-07-02,P0048,S005,13,19765
307,2025-07-01,P0906,S064,14,9489
308,2025-07-01,P0166,S061,28,19397
309,2025-07-23,P0230,S086,41,15246
310,2025-07-12,P0545,S032,8,11747
311,2025-07-03,P0489,S090,19,8693
312,2025-07-12,P0990,S054,8,7978
313,2025-07-25,P0561,S001,14,12460
314,2025-07-16,P0945,S056,44,10739
315,2025-07-01,P0022,S003,28,16023
316,2025-07-15,P0566,S067,40,13674
317,2025-07-07,P0065,S068,9,6076
318,2025-07-03,P0176,S100,1,11977
319,2025-07-06,P0188,S100,7,9018
320,2025-07-16,P0408,S073,18,11640
321,2025-07-27,P0668,S058,24,12597
322,2025-07-02,P0607,S061,12,11352
323,2025-07-19,P0203,S007,50,7277
324,2025-07-11,P0613,S090,8,7897
325,2025-07-10,P0865,S085,36,17573
326,2025-07-30,P0352,S017,12,7973
327,2025-07-10,P0312,S019,21,7576
328,2025-07-30,P0198,S035,9,3544
329,2025-07-19,P0702,S070,10,11579
330,2025-07-15,P0421,S043,9,16864
331,2025-07-02,P0341,S037,30,5905
332,2025-07-19,P0668,S065,46,17897
333,2025-07-23,P0103,S069,32,16374
334,2025-07-18,P0815,S082,49,12504
335,2025-07-13,P0803,S045,41,4167
336,2025-07-15,P0275,S010,4,11741
337,2025-07-26,P0972,S027,15,19171
338,2025-07-17,P0843,S008,9,5445
339,2025-07-17,P0687,S071,31,5767
340,2025-07-22,P0084,S056,41,10853
341,2025-07-06,P0643,S094,39,2846
342,2025-07-21,P0934,S030,15,18017
343,2025-07-01,P0133,S008,46,4722
344,2025-07-18,P0881,S096,46,4940
345,2025-07-28,P0809,S063,47,2362
346,2025-07-19,P0239,S004,34,14321
347,2025-07-09,P0268,S073,9,14903
348,2025-07-17,P0109,S071,38,8813
349,2025-07-18,P0522,S041,6,19840
350,2025-07-20,P0554,S055,30,3413
351,2025-07-17,P0115,S049,6,5105
352,2025-07-14,P0439,S024,23,14313
353,2025-07-01,P0216,S075,44,19574
354,2025-07-30,P0928,S018,43,4388
355,2025-07-06,P0277,S048,5,3610
356,2025-07-22,P0676,S084,49,13275
357,2025-07-17,P0105,S033,29,9134
358,2025-07-15,P0696,S042,32,9789
359,2025-07-26,P0144,S006,32,14484
360,2025-07-17,P0837,S069,15,11103
361,2025-07-01,P0883,S056,29,6045
362,2025-07-01,P0426,S088,18,11220
363,2025-07-24,P0603,S007,7,15667
364,2025-07-28,P0110,S037,40,11040
365,2025-07-19,P0112,S099,22,4287
366,2025-07-09,P0691,S011,31,6201
367,2025-07-25,P0295,S056,44,11469
368,2025-07-27,P0287,S064,6,14258
369,2025-07-28,P0827,S047,31,3465
370,2025-07-30,P0262,S004,28,14305
371,2025-07-13,P0607,S065,50,6606
372,2025-07-16,P0932,S048,5,13791
373,2025-07-12,P0458,S008,11,8047
374,2025-07-20,P0758,S037,2,7807
375,2025-07-21,P0689,S033,38,18591
376,2025-07-08,P0254,S086,24,2095
377,2025-07-18,P0139,S030,30,12155
378,2025-07-22,P0100,S009,41,13901
379,2025-07-09,P0355,S060,25,12371
380,2025-07-15,P0602,S054,24,6514
381,2025-07-20,P0092,S070,17,3830
382,2025-07-13,P0506,S025,30,3421
383,2025-07-09,P0082,S028,31,13266
384,2025-07-17,P0157,S005,6,6233
385,2025-07-29,P0497,S057,25,8422
386,2025-07-07,P0979,S029,8,12577
387,2025-07-08,P0577,S045,32,18784
388,2025-07-20,P0214,S056,16,9592
389,2025-07-22,P0953,S049,15,7694
390,2025-07-16,P0443,S057,38,8746
391,2025-07-04,P0049,S052,29,14682
392,2025-07-05,P0677,S021,35,19975
393,2025-07-14,P0507,S089,31,15720
394,2025-07-21,P0331,S062,17,11285
395,2025-07-16,P0545,S042,24,7297
396,2025-07-03,P0411,S077,31,8400
397,2025-07-26,P0247,S076,29,2759
398,2025-07-24,P0485,S021,10,12880
399,2025-07-19,P0496,S062,20,4353
400,2025-07-19,P0377,S031,9,10528
401,2025-07-13,P0347,S041,22,16744
402,2025-07-15,P0852,S025,32,9845
403,2025-07-16,P0944,S048,6,2844
404,2025-07-11,P0082,S042,2,19791
405,2025-07-19,P0410,S066,22,11343
406,2025-07-30,P0751,S065,40,3298
407,2025-07-27,P0440,S015,2,16463
408,2025-07-01,P0384,S041,38,11124
409,2025-07-12,P0175,S017,12,16688
410,2025-07-17,P0749,S089,35,3325
411,2025-07-05,P0152,S052,14,18972
412,2025-07-16,P0043,S020,5,7472
413,2025-07-25,P0226,S006,45,6622
414,2025-07-13,P0429,S011,42,18949
415,2025-07-17,P0459,S062,27,9011
416,2025-07-03,P0699,S076,4,16069
417,2025-07-29,P0317,S034,1,7577
418,2025-07-15,P0476,S073,15,6524
419,2025-07-26,P0266,S075,20,17186
420,2025-07-07,P0888,S030,23,11925
421,2025-07-29,P0554,S059,43,6262
422,2025-07-21,P0478,S034,8,9060
423,2025-07-23,P0424,S058,50,6848
424,2025-07-11,P0442,S018,43,14368
425,2025-07-09,P0755,S060,23,7605
426,2025-07-17,P0465,S083,37,3220
427,2025-07-18,P0199,S026,12,7915
428,2025-07-26,P0514,S098,50,11001
429,2025-07-17,P0403,S057,36,4413
430,2025-07-04,P0726,S002,30,7348
431,2025-07-27,P0433,S078,49,2455
432,2025-07-06,P0098,S003,1,16479
433,2025-07-27,P0895,S073,50,12493
434,2025-07-12,P0399,S030,41,5867
435,2025-07-12,P0462,S059,18,6661
436,2025-07-28,P0108,S095,29,11057
437,2025-07-16,P0024,S096,11,19303
438,2025-07-14,P0256,S052,19,10416
439,2025-07-05,P0848,S026,5,15956
440,2025-07-23,P0282,S069,9,6624
441,2025-07-30,P0169,S094,31,17835
442,2025-07-08,P0571,S019,8,17509
443,2025-07-06,P0783,S081,48,14104
444,2025-07-05,P0539,S023,15,15374
445,2025-07-20,P0828,S096,43,16436
446,2025-07-14,P0069,S080,10,16418
447,2025-07-07,P0826,S097,1,5391
448,2025-07-29,P0716,S030,44,18180
449,2025-07-22,P0831,S084,46,11066
450,2025-07-08,P0815,S039,39,17703
451,2025-07-13,P0502,S054,40,14585
452,2025-07-01,P0474,S041,30,15668
453,2025-07-22,P0088,S100,16,19474
454,2025-07-19,P0043,S076,10,19736
455,2025-07-26,P0940,S024,33,4729
456,2025-07-04,P0894,S050,10,15832
457,2025-07-11,P0203,S078,37,4520
458,2025-07-30,P0074,S017,38,6364
459,2025-07-22,P0172,S049,5,12463
460,2025-07-01,P0184,S018,11,17009
461,2025-07-12,P0158,S089,50,10920
462,2025-07-02,P0640,S059,4,12678
463,2025-07-27,P0040,S009,19,3892
464,2025-07-03,P0330,S060,45,18179
465,2025-07-21,P0671,S070,43,6116
466,2025-07-28,P0416,S030,26,10667
467,2025-07-08,P0193,S068,19,19946
468,2025-07-04,P0415,S071,50,4979
469,2025-07-02,P0939,S069,11,6736
470,2025-07-02,P0789,S065,16,2934
471,2025-07-29,P0765,S068,23,9360
472,2025-07-09,P0650,S099,27,6320
473,2025-07-17,P0780,S004,16,13434
474,2025-07-16,P0509,S051,11,11320
475,2025-07-04,P0531,S058,9,19843
476,2025-07-10,P0217,S001,14,19054
477,2025-07-07,P0988,S019,47,12671
478,2025-07-15,P0686,S046,31,9740
479,2025-07-16,P0852,S095,12,3443
480,2025-07-01,P0057,S032,13,3917
481,2025-07-14,P0472,S023,50,12497
482,2025-07-01,P0086,S058,28,16320
483,2025-07-24,P0844,S074,44,12417
484,2025-07-28,P0388,S046,1,8509
485,2025-07-06,P0620,S018,45,4249
486,2025-07-27,P0766,S033,41,3736
487,2025-07-18,P0664,S099,17,15760
488,2025-07-26,P0030,S055,16,12562
489,2025-07-19,P0170,S072,33,10350
490,2025-07-23,P0999,S053,31,14988
491,2025-07-01,P0884,S096,39,16636
492,2025-07-29,P0341,S010,19,6524
493,2025-07-27,P0024,S066,43,3575
494,2025-07-30,P0971,S010,3,12412
495,2025-07-03,P0245,S079,34,4850
496,2025-07-11,P0033,S017,35,2859
497,2025-07-05,P0755,S082,23,12572
498,2025-07-26,P0106,S034,40,3914
499,2025-07-05,P0747,S079,44,9633
500,2025-07-08,P0985,S082,32,3224
501,2025-07-28,P0652,S040,2,5106
502,2025-07-20,P0334,S093,16,11091
503,2025-07-21,P0681,S096,42,17694
504,2025-07-30,P0483,S065,49,17528
505,2025-07-12,P0094,S029,12,5275
506,2025-07-22,P0520,S027,43,17691
507,2025-07-06,P0017,S062,32,3101
508,2025-07-07,P0711,S013,41,14883
509,2025-07-17,P0590,S076,42,12271
510,2025-07-11,P0544,S074,39,15253
511,2025-07-11,P0568,S099,6,9034
512,2025-07-24,P0138,S079,19,14536
513,2025-07-26,P0129,S079,39,12709
514,2025-07-05,P0229,S031,3,18806
515,2025-07-18,P0851,S058,30,15549
516,2025-07-19,P0127,S072,42,2963
517,2025-07-18,P0728,S096,38,16055
518,2025-07-26,P0972,S059,21,3044
519,2025-07-28,P0215,S052,37,9029
520,2025-07-07,P0994,S017,17,10677
521,2025-07-16,P0661,S004,14,7990
522,2025-07-20,P0908,S051,43,10907
523,2025-07-03,P0975,S026,18,9409
524,2025-07-02,P0614,S075,37,16787
525,2025-07-05,P0728,S043,7,11756
526,2025-07-26,P0630,S009,42,16285
527,2025-07-06,P0907,S012,5,13803
528,2025-07-21,P0540,S057,33,14540
529,2025-07-13,P0355,S041,38,15946
530,2025-07-19,P0596,S010,34,2390
531,2025-07-24,P0984,S059,43,5653
532,2025-07-12,P0807,S054,2,6289
533,2025-07-11,P0365,S095,6,5802
534,2025-07-16,P0536,S044,22,14716
535,2025-07-03,P0452,S048,21,3330
536,2025-07-19,P0981,S045,15,5015
537,2025-07-19,P0058,S002,9,8981
538,2025-07-05,P0553,S001,16,15687
539,2025-07-10,P0359,S089,42,3264
540,2025-07-08,P0041,S086,20,18706
541,2025-07-11,P0712,S001,11,3549
542,2025-07-10,P0684,S068,13,2331
543,2025-07-25,P0523,S015,28,14797
544,2025-07-13,P0797,S091,14,5873
545,2025-07-26,P0079,S043,47,4059
546,2025-07-25,P0176,S096,9,17184
547,2025-07-30,P0029,S069,49,18474
548,2025-07-08,P0181,S025,4,8762
549,2025-07-21,P0514,S039,44,13391
550,2025-07-26,P0746,S003,46,3182
551,2025-07-29,P0773,S099,2,6048
552,2025-07-05,P0022,S044,19,17870
553,2025-07-19,P0102,S004,22,9498
554,2025-07-23,P0215,S025,24,12515
555,2025-07-21,P0976,S048,9,12879
556,2025-07-17,P0308,S027,13,13692
557,2025-07-26,P0674,S058,19,15518
558,2025-07-24,P0613,S056,21,15848
559,2025-07-01,P0723,S016,2,12043
560,2025-07-30,P0907,S038,42,17383
561,2025-07-23,P0263,S024,8,12075
562,2025-07-25,P0365,S056,47,4566
563,2025-07-06,P0421,S090,21,3156
564,2025-07-24,P0300,S068,42,7004
565,2025-07-27,P0155,S061,50,10972
566,2025-07-13,P0175,S098,26,2199
567,2025-07-29,P0271,S024,32,14113
568,2025-07-01,P0720,S046,19,11392
569,2025-07-21,P0016,S093,16,16453
570,2025-07-23,P0214,S084,50,14117
571,2025-07-29,P0442,S084,26,10930
572,2025-07-24,P0653,S015,13,3655
573,2025-07-30,P0222,S078,5,17429
574,2025-07-29,P0859,S086,12,12340
575,2025-07-13,P0275,S001,8,5052
576,2025-07-26,P0554,S034,22,6213
577,2025-07-25,P0517,S063,26,15142
578,2025-07-17,P0418,S051,3,8876
579,2025-07-19,P0089,S033,38,16591
580,2025-07-29,P0750,S004,42,14271
581,2025-07-04,P0854,S036,34,2735
582,2025-07-07,P0339,S067,42,14292
583,2025-07-18,P0143,S079,29,12539
584,2025-07-14,P0470,S016,21,3485
585,2025-07-09,P0911,S044,25,9461
586,2025-07-26,P0881,S076,30,5727
587,2025-07-06,P0076,S078,2,11848
588,2025-07-20,P0893,S012,22,9443
589,2025-07-21,P0100,S072,6,9062
590,2025-07-03,P0602,S029,32,18995
591,2025-07-06,P0606,S051,46,4774
592,2025-07-16,P0757,S056,27,7122
593,2025-07-19,P0995,S014,32,5587
594,2025-07-30,P0001,S012,33,17873
595,2025-07-08,P0232,S066,27,8753
596,2025-07-15,P0237,S056,35,10047
597,2025-07-28,P0814,S081,46,12813
598,2025-07-05,P0321,S030,41,17960
599,2025-07-21,P0399,S037,37,12989
600,2025-07-23,P0175,S020,10,13403
601,2025-07-03,P0045,S073,27,5510
602,2025-07-21,P0118,S073,6,14255
603,2025-07-28,P0979,S016,11,3794
604,2025-07-06,P0333,S010,20,19361
605,2025-07-11,P0150,S045,37,14887
606,2025-07-08,P0756,S022,19,3667
607,2025-07-21,P0226,S011,23,7439
608,2025-07-22,P0186,S031,26,6639
609,2025-07-29,P0922,S082,18,15753
610,2025-07-23,P0689,S084,17,18541
611,2025-07-28,P0885,S044,35,11345
612,2025-07-26,P0493,S002,41,15243
613,2025-07-07,P0250,S024,39,7248
614,2025-07-16,P0027,S014,4,12564
615,2025-07-01,P0760,S003,38,5148
616,2025-07-27,P0278,S042,46,13868
617,2025-07-09,P0666,S030,32,6108
618,2025-07-16,P0817,S078,5,4812
619,2025-07-24,P0319,S064,8,11596
620,2025-07-07,P0892,S033,45,12640
621,2025-07-13,P0645,S001,43,6265
622,2025-07-10,P0562,S064,25,5201
623,2025-07-20,P0194,S093,28,15717
624,2025-07-09,P0895,S073,43,16512
625,2025-07-15,P0891,S053,45,12193
626,2025-07-26,P0177,S057,9,18256
627,2025-07-21,P0861,S017,22,18058
628,2025-07-21,P0966,S082,32,4750
629,2025-07-25,P0819,S002,7,6471
630,2025-07-12,P0695,S058,25,5541
631,2025-07-29,P0500,S029,14,9061
632,2025-07-13,P0790,S034,17,6353
633,2025-07-26,P0624,S017,1,11176
634,2025-07-30,P0522,S013,26,6149
635,2025-07-07,P0985,S083,29,12086
636,2025-07-06,P0810,S086,27,6012
637,2025-07-22,P0480,S063,3,7967
638,2025-07-21,P0008,S079,33,19138
639,2025-07-08,P0694,S076,14,19256
640,2025-07-13,P0668,S067,6,19640
641,2025-07-16,P0381,S070,35,13249
642,2025-07-13,P0705,S022,34,2888
643,2025-07-08,P0602,S027,11,9560
644,2025-07-06,P0022,S063,18,13094
645,2025-07-14,P0201,S071,31,19168
646,2025-07-12,P0653,S063,25,9061
647,2025-07-21,P0292,S093,27,5458
648,2025-07-22,P0744,S022,33,2970
649,2025-07-29,P0070,S073,49,3090
650,2025-07-28,P0591,S086,35,4791
651,2025-07-15,P0968,S100,50,18839
652,2025-07-02,P0802,S087,25,12706
653,2025-07-19,P0200,S094,18,7476
654,2025-07-25,P0479,S031,23,13686
655,2025-07-22,P0565,S026,38,9422
656,2025-07-23,P0013,S046,50,14194
657,2025-07-16,P0509,S085,25,4171
658,2025-07-23,P0173,S083,49,10593
659,2025-07-20,P0458,S020,50,7848
660,2025-07-02,P0951,S036,9,17395
661,2025-07-07,P0169,S053,27,14048
662,2025-07-13,P0598,S034,9,17080
663,2025-07-04,P0426,S071,49,10028
664,2025-07-21,P0701,S085,46,11727
665,2025-07-27,P0763,S093,2,8963
666,2025-07-13,P0018,S045,11,19829
667,2025-07-11,P0845,S048,24,5986
668,2025-07-07,P0393,S013,46,18863
669,2025-07-22,P0110,S064,42,13930
670,2025-07-08,P0809,S041,27,17102
671,2025-07-12,P0567,S062,49,12139
672,2025-07-16,P0520,S082,26,6434
673,2025-07-08,P0546,S049,24,11578
674,2025-07-10,P0897,S014,26,2891
675,2025-07-04,P0905,S021,12,10233
676,2025-07-17,P0977,S060,1,11588
677,2025-07-11,P0320,S044,8,7686
678,2025-07-24,P0238,S086,40,4612
679,2025-07-15,P0035,S050,10,5652
680,2025-07-10,P0450,S015,18,3645
681,2025-07-07,P0455,S081,44,19265
682,2025-07-03,P0762,S050,25,6042
683,2025-07-05,P0285,S091,32,7657
684,2025-07-07,P0878,S053,37,18557
685,2025-07-27,P0694,S024,25,2630
686,2025-07-21,P0641,S074,48,7696
687,2025-07-07,P0130,S057,13,17735
688,2025-07-25,P0101,S098,5,12380
689,2025-07-16,P0463,S017,38,10144
690,2025-07-13,P0525,S007,3,15699
691,2025-07-06,P0796,S081,2,4824
692,2025-07-29,P0481,S061,10,18551
693,2025-07-06,P0313,S033,7,9846
694,2025-07-30,P0472,S022,3,6791
695,2025-07-17,P0129,S086,21,2886
696,2025-07-13,P0856,S022,46,15051
697,2025-07-05,P0439,S082,38,3982
698,2025-07-12,P0950,S040,23,17778
699,2025-07-16,P0011,S021,18,8509
700,2025-07-29,P0384,S030,31,2848
701,2025-07-18,P0735,S089,43,3702
702,2025-07-19,P0876,S077,43,3071
703,2025-07-14,P0762,S005,28,12018
704,2025-07-25,P0934,S039,30,18679
705,2025-07-07,P0656,S080,24,4948
706,2025-07-11,P0634,S031,3,2437
707,2025-07-29,P0214,S008,31,14239
708,2025-07-15,P0193,S029,21,13573
709,2025-07-09,P0206,S085,32,10701
710,2025-07-19,P0754,S074,41,2239
711,2025-07-17,P0940,S091,47,3157
712,2025-07-28,P0269,S023,32,2373
713,2025-07-04,P0988,S009,18,3446
714,2025-07-03,P0376,S093,33,2791
715,2025-07-25,P0522,S041,48,13338
716,2025-07-23,P0235,S074,37,8953
717,2025-07-29,P0226,S097,4,4238
718,2025-07-21,P0806,S053,3,12095
719,2025-07-19,P0856,S055,50,3777
720,2025-07-09,P0557,S059,9,5594
721,2025-07-11,P0507,S092,13,16964
722,2025-07-16,P0893,S058,32,3156
723,2025-07-15,P0935,S035,40,4171
724,2025-07-28,P0610,S090,22,10139
725,2025-07-19,P0546,S083,50,5106
726,2025-07-27,P0093,S091,42,5032
727,2025-07-27,P0448,S060,28,19735
728,2025-07-23,P0872,S090,9,18604
729,2025-07-19,P0021,S021,24,14775
730,2025-07-24,P0718,S064,16,14736
731,2025-07-10,P0471,S013,38,18050
732,2025-07-16,P0639,S049,47,10744
733,2025-07-30,P0288,S072,16,9879
734,2025-07-26,P0442,S040,14,19448
735,2025-07-28,P0171,S052,42,13198
736,2025-07-24,P0568,S017,9,13243
737,2025-07-07,P0169,S091,37,7638
738,2025-07-15,P0143,S025,36,14709
739,2025-07-28,P0989,S012,28,11397
740,2025-07-24,P0997,S032,34,19846
741,2025-07-11,P0551,S088,31,11039
742,2025-07-24,P0544,S049,37,3451
743,2025-07-07,P0163,S098,36,12717
744,2025-07-05,P0603,S068,18,18549
745,2025-07-26,P0665,S095,10,5562
746,2025-07-07,P0651,S034,47,11892
747,2025-07-16,P0555,S081,48,16009
748,2025-07-23,P0525,S014,37,7864
749,2025-07-26,P0592,S099,6,7726
750,2025-07-05,P0886,S033,46,9953
751,2025-07-02,P0290,S008,6,4566
752,2025-07-12,P0734,S089,22,17431
753,2025-07-12,P0463,S046,10,18008
754,2025-07-10,P0040,S024,12,19608
755,2025-07-23,P0878,S045,20,11213
756,2025-07-26,P0254,S038,35,11690
757,2025-07-04,P0618,S088,45,2595
758,2025-07-10,P0134,S046,21,8983
759,2025-07-15,P0499,S030,9,18961
760,2025-07-03,P0174,S051,27,2231
761,2025-07-09,P0105,S060,48,13627
762,2025-07-28,P0702,S047,1,9698
763,2025-07-20,P0988,S066,33,4803
764,2025-07-10,P0767,S015,31,15363
765,2025-07-28,P0848,S058,43,11138
766,2025-07-08,P0132,S013,14,11472
767,2025-07-19,P0237,S027,7,19742
768,2025-07-24,P0923,S082,19,19604
769,2025-07-26,P0722,S020,1,15645
770,2025-07-04,P0610,S100,44,2943
771,2025-07-19,P0939,S017,31,7386
772,2025-07-15,P0641,S007,16,2177
773,2025-07-19,P0082,S053,4,14709
774,2025-07-08,P0212,S004,29,2349
775,2025-07-14,P0106,S042,50,15451
776,2025-07-23,P0755,S097,37,18470
777,2025-07-21,P0829,S088,45,8826
778,2025-07-25,P0916,S058,15,13979
779,2025-07-25,P0867,S025,33,9395
780,2025-07-12,P0011,S002,25,8502
781,2025-07-19,P0834,S025,30,3400
782,2025-07-19,P0472,S090,39,4735
783,2025-07-22,P0401,S031,29,3118
784,2025-07-08,P0320,S081,44,2861
785,2025-07-05,P0670,S097,17,7753
786,2025-07-09,P0131,S049,47,10978
787,2025-07-29,P0739,S088,28,13380
788,2025-07-16,P0376,S097,50,11428
789,2025-07-28,P0317,S085,32,6283
790,2025-07-30,P0561,S006,30,18531
791,2025-07-18,P0604,S032,4,19107
792,2025-07-13,P0225,S061,17,12928
793,2025-07-27,P0336,S007,39,3405
794,2025-07-17,P0645,S002,14,19186
795,2025-07-05,P0263,S078,48,3338
796,2025-07-19,P0103,S033,14,8285
797,2025-07-11,P0197,S037,13,19499
798,2025-07-04,P0545,S081,38,4310
799,2025-07-14,P0542,S037,19,4344
800,2025-07-15,P0116,S032,43,17526
801,2025-07-13,P0490,S099,19,11863
802,2025-07-16,P0724,S015,34,6495
803,2025-07-06,P0165,S027,38,11677
804,2025-07-01,P0278,S037,47,13543
805,2025-07-07,P0900,S007,3,11131
806,2025-07-25,P0674,S060,19,19749
807,2025-07-04,P0200,S037,6,13190
808,2025-07-30,P0740,S030,37,16783
809,2025-07-19,P0274,S008,45,10914
810,2025-07-22,P0993,S032,39,16367
811,2025-07-11,P0207,S038,25,5142
812,2025-07-25,P0953,S049,4,15907
813,2025-07-23,P0378,S024,19,10334
814,2025-07-13,P0112,S062,23,18644
815,2025-07-16,P0745,S086,2,6398
816,2025-07-10,P0222,S018,43,16250
817,2025-07-05,P0605,S056,37,19506
818,2025-07-24,P0391,S092,21,9611
819,2025-07-24,P0758,S013,34,11814
820,2025-07-23,P0116,S061,49,4150
821,2025-07-25,P0092,S043,10,3276
822,2025-07-30,P0343,S042,1,13068
823,2025-07-28,P0513,S063,46,6819
824,2025-07-20,P0527,S065,5,2414
825,2025-07-25,P0176,S087,27,15529
826,2025-07-13,P0853,S059,26,6773
827,2025-07-30,P0946,S036,17,11125
828,2025-07-01,P0197,S059,48,13591
829,2025-07-02,P0796,S081,50,6272
830,2025-07-25,P0495,S077,31,5156
831,2025-07-07,P0427,S021,32,7996
832,2025-07-27,P0074,S099,13,8679
833,2025-07-01,P0789,S044,29,5769
834,2025-07-21,P0163,S073,12,18749
835,2025-07-28,P0017,S028,42,14092
836,2025-07-20,P0413,S004,44,16993
837,2025-07-28,P0503,S085,35,13375
838,2025-07-21,P0199,S077,39,2259
839,2025-07-02,P0272,S036,45,16171
840,2025-07-14,P0722,S096,35,18088
841,2025-07-08,P0100,S072,26,6689
842,2025-07-01,P0764,S002,11,16215
843,2025-07-01,P0012,S038,10,4072
844,2025-07-13,P0465,S043,13,18119
845,2025-07-29,P0368,S050,49,19176
846,2025-07-12,P0283,S062,23,11309
847,2025-07-29,P0781,S049,17,18220
848,2025-07-29,P0954,S067,30,5443
849,2025-07-01,P0043,S040,3,2914
850,2025-07-15,P0657,S091,12,13264
851,2025-07-21,P0808,S056,1,16571
852,2025-07-07,P0876,S098,29,13609
853,2025-07-05,P0530,S089,16,4418
854,2025-07-22,P0229,S024,33,17668
855,2025-07-30,P0569,S073,48,7421
856,2025-07-23,P0226,S022,26,13423
857,2025-07-04,P0271,S092,16,5392
858,2025-07-28,P0991,S056,26,18333
859,2025-07-11,P0490,S014,3,12316
860,2025-07-04,P0380,S069,23,13885
861,2025-07-30,P0612,S031,9,7087
862,2025-07-30,P0847,S029,44,6339
863,2025-07-07,P0878,S026,2,16154
864,2025-07-08,P0173,S053,36,5376
865,2025-07-27,P0964,S056,25,16873
866,2025-07-18,P0277,S048,9,3302
867,2025-07-24,P0289,S032,20,12652
868,2025-07-29,P0755,S100,41,7653
869,2025-07-14,P0284,S021,45,18037
870,2025-07-02,P0895,S052,35,15925
871,2025-07-23,P0846,S067,44,10170
872,2025-07-01,P0438,S002,26,15450
873,2025-07-12,P0128,S045,29,11513
874,2025-07-27,P0841,S037,6,17777
875,2025-07-12,P0961,S084,49,16880
876,2025-07-18,P0285,S084,7,6919
877,2025-07-18,P0558,S019,30,8835
878,2025-07-19,P0595,S037,16,13413
879,2025-07-06,P0663,S016,39,2497
880,2025-07-17,P0002,S041,7,2311
881,2025-07-09,P0722,S084,27,6655
882,2025-07-11,P0942,S044,43,9474
883,2025-07-30,P0299,S014,6,12263
884,2025-07-29,P0411,S034,49,15145
885,2025-07-09,P0068,S087,24,15256
886,2025-07-09,P0406,S084,25,14199
887,2025-07-03,P0178,S017,21,6343
888,2025-07-23,P0531,S021,47,10727
889,2025-07-30,P0869,S055,33,3040
890,2025-07-13,P0344,S054,42,2329
891,2025-07-11,P0380,S064,10,5637
892,2025-07-28,P0104,S065,31,15283
893,2025-07-03,P0424,S025,32,3597
894,2025-07-26,P0666,S040,27,6440
895,2025-07-12,P0064,S055,36,17206
896,2025-07-17,P0034,S037,43,5269
897,2025-07-08,P0708,S085,40,4866
898,2025-07-19,P0643,S043,27,15041
899,2025-07-21,P0131,S064,50,8179
900,2025-07-26,P0389,S004,6,3765
901,2025-07-13,P0146,S067,41,3291
902,2025-07-28,P0026,S017,34,16297
903,2025-07-19,P0582,S059,47,3902
904,2025-07-04,P0450,S050,35,11821
905,2025-07-01,P0216,S083,15,18437
906,2025-07-21,P0838,S039,40,12587
907,2025-07-29,P0063,S032,48,8785
908,2025-07-14,P0217,S025,23,17604
909,2025-07-06,P0350,S008,31,19321
910,2025-07-21,P0804,S059,50,6364
911,2025-07-18,P0273,S014,12,11362
912,2025-07-21,P0760,S088,13,8064
913,2025-07-22,P0922,S051,9,16409
914,2025-07-13,P0104,S042,48,11229
915,2025-07-18,P0143,S042,36,16538
916,2025-07-14,P0011,S034,37,13326
917,2025-07-18,P0297,S057,41,5657
918,2025-07-09,P0150,S089,41,6705
919,2025-07-09,P0316,S091,14,19440
920,2025-07-27,P0746,S041,36,13444
921,2025-07-11,P0091,S009,26,19819
922,2025-07-26,P0183,S049,37,3338
923,2025-07-27,P0062,S062,9,10668
924,2025-07-06,P0296,S009,1,18301
925,2025-07-30,P0743,S054,14,18800
926,2025-07-02,P0684,S092,5,6789
927,2025-07-13,P0612,S066,13,16615
928,2025-07-29,P0159,S016,45,2876
929,2025-07-14,P0018,S060,40,15643
930,2025-07-06,P0379,S023,9,5373
931,2025-07-09,P0301,S042,21,17459
932,2025-07-06,P0737,S077,41,16997
933,2025-07-15,P0190,S032,49,2620
934,2025-07-16,P0463,S014,43,9280
935,2025-07-06,P0810,S094,35,7898
936,2025-07-10,P0582,S015,12,2468
937,2025-07-04,P0331,S029,27,16171
938,2025-07-12,P0513,S043,25,15875
939,2025-07-28,P0017,S050,7,2968
940,2025-07-19,P0861,S070,34,16700
941,2025-07-20,P0435,S079,48,4079
942,2025-07-02,P0567,S082,17,2625
943,2025-07-08,P0674,S100,3,18651
944,2025-07-30,P0291,S068,4,15556
945,2025-07-28,P0824,S079,24,3521
946,2025-07-08,P0913,S029,6,7817
947,2025-07-05,P0970,S015,27,17543
948,2025-07-20,P0944,S065,25,16170
949,2025-07-03,P0631,S017,34,12966
950,2025-07-29,P0378,S033,41,19972
951,2025-07-19,P0507,S047,37,19658
952,2025-07-25,P0154,S073,31,19166
953,2025-07-16,P0097,S038,25,8118
954,2025-07-12,P0912,S003,43,3766
955,2025-07-01,P0802,S062,35,18294
956,2025-07-21,P0416,S039,6,12537
957,2025-07-12,P0600,S049,35,18175
958,2025-07-23,P0896,S085,29,12800
959,2025-07-04,P0460,S046,32,13186
960,2025-07-12,P0481,S036,11,14465
961,2025-07-19,P0496,S065,35,5290
962,2025-07-14,P0844,S061,28,8146
963,2025-07-04,P0981,S057,28,17179
964,2025-07-16,P0374,S053,43,14295
965,2025-07-24,P0209,S056,5,13984
966,2025-07-07,P0438,S021,39,13665
967,2025-07-01,P0407,S075,22,13734
968,2025-07-11,P0277,S094,26,7759
969,2025-07-15,P0824,S014,41,6976
970,2025-07-29,P0391,S021,9,8571
971,2025-07-17,P0002,S090,48,19854
972,2025-07-25,P0917,S038,12,13572
973,2025-07-03,P0103,S057,26,8410
974,2025-07-24,P0154,S054,30,19528
975,2025-07-27,P0307,S038,31,11261
976,2025-07-14,P0542,S003,30,7338
977,2025-07-29,P0478,S050,11,5533
978,2025-07-17,P0745,S081,37,19381
979,2025-07-27,P0151,S089,18,17203
980,2025-07-19,P0003,S048,47,19876
981,2025-07-08,P0379,S025,33,6488
982,2025-07-20,P0115,S009,47,11985
983,2025-07-13,P0356,S076,16,19257
984,2025-07-26,P0867,S053,30,12343
985,2025-07-22,P0121,S033,46,9377
986,2025-07-17,P0049,S098,8,17329
987,2025-07-20,P0325,S009,24,15345
988,2025-07-05,P0079,S052,46,17447
989,2025-07-07,P0425,S040,30,17949
990,2025-07-04,P0923,S041,44,7779
991,2025-07-17,P0904,S043,25,19109
992,2025-07-20,P0458,S099,44,9895
993,2025-07-06,P0371,S059,6,17491
994,2025-07-20,P0926,S034,18,19692
995,2025-07-30,P0747,S082,9,16363
996,2025-07-29,P0627,S043,41,15546
997,2025-07-26,P0331,S039,32,9265
998,2025-07-02,P0070,S042,48,12234
999,2025-07-30,P0583,S050,35,3408
1000,2025-07-20,P0660,S007,39,2966
